"Employee_ID","stress","wellbeing","pers_fairness","manager_fairness","openness","prospects","promoter","stake","team","manager","year"
472,2,5,6,7,6,5,5,5,5,6,1
856,2,6,5,5,5,6,6,6,6,6,1
777,2,6,5,5,4,6,6,5,5,5,1
348,3,5,5,6,6,6,6,6,5,5,1
248,3,5,6,6,6,5,6,6,5,6,1
308,3,5,7,5,6,5,5,6,5,6,1
814,2,5,7,6,5,5,5,5,5,6,1
359,2,5,5,5,5,5,6,5,6,5,1
201,2,6,6,5,6,5,5,5,5,5,1
853,2,6,6,5,6,5,5,5,6,6,1
809,2,5,6,5,6,5,5,6,5,5,1
235,3,5,5,5,5,6,4,6,6,6,1
526,3,6,5,5,6,5,6,5,6,6,1
158,3,7,6,4,6,6,5,5,5,6,1
739,3,5,6,6,6,5,5,5,5,6,1
121,3,5,5,5,5,5,6,6,6,6,1
821,3,6,5,5,6,5,6,6,5,6,1
511,2,5,5,4,6,6,6,5,5,5,1
276,2,5,5,5,5,5,6,6,5,5,1
615,3,5,6,6,5,5,5,5,6,6,1
636,2,6,5,5,5,5,5,5,6,6,1
302,2,6,5,4,6,5,6,5,4,6,1
949,2,5,6,6,5,5,6,5,5,5,1
385,3,3,4,2,3,2,5,3,4,3,1
546,3,4,5,3,4,1,6,3,5,3,1
328,3,4,4,4,4,3,3,3,3,4,1
619,4,5,4,4,4,4,4,3,5,4,1
693,2,4,5,4,4,4,4,3,4,4,1
11,4,5,5,4,5,4,3,5,5,4,1
874,3,4,5,4,3,4,4,4,3,4,1
913,3,4,5,4,3,4,4,3,4,4,1
661,2,4,5,4,3,4,4,3,5,4,1
854,4,5,4,4,4,4,3,5,4,4,1
842,3,4,5,4,4,3,3,3,4,4,1
657,3,4,4,4,2,4,4,3,4,4,1
397,5,5,4,4,4,4,4,3,5,4,1
456,3,3,4,3,3,3,4,3,3,4,1
870,2,4,5,4,3,3,4,3,3,4,1
183,2,4,5,4,4,3,3,3,4,4,1
366,3,4,5,4,4,3,3,2,4,4,1
58,3,4,4,4,5,3,4,3,3,4,1
555,2,4,5,4,3,3,3,3,4,4,1
646,3,4,5,4,4,3,3,3,4,4,1
534,2,4,5,3,2,3,3,3,4,4,1
871,4,4,3,3,4,3,4,3,4,3,1
403,3,3,4,3,5,2,4,3,4,4,1
49,3,3,4,3,3,2,3,3,3,3,1
517,4,4,4,3,3,3,4,3,5,4,1
362,4,3,3,2,4,3,3,3,3,3,1
909,2,4,5,4,2,4,3,4,4,4,1
394,3,5,5,4,3,4,3,5,5,4,1
583,3,4,5,4,3,4,4,3,4,4,1
285,3,4,4,4,3,4,3,3,3,4,1
193,4,4,4,3,4,4,3,4,4,3,1
765,2,4,5,4,4,3,4,3,5,4,1
277,3,4,5,4,5,3,4,3,4,4,1
679,3,4,5,4,3,4,4,4,4,4,1
111,3,4,5,4,3,4,4,4,4,4,1
742,3,3,4,4,5,3,3,3,3,4,1
779,3,4,4,4,3,3,4,4,4,4,1
762,3,5,5,4,3,4,4,4,4,4,1
998,3,5,5,4,2,4,4,3,4,4,1
622,4,4,5,4,5,3,4,3,4,4,1
159,3,4,5,4,4,4,4,3,5,4,1
867,3,3,4,4,4,3,4,3,2,4,1
19,3,4,4,4,4,3,4,4,3,4,1
985,3,4,5,4,4,4,3,5,5,4,1
86,3,4,5,3,5,3,3,3,3,4,1
752,3,4,5,4,4,4,4,4,4,4,1
337,2,4,5,4,4,4,4,3,4,4,1
740,2,5,5,4,5,4,3,5,6,4,1
727,2,4,5,4,4,4,4,3,3,4,1
800,3,4,5,4,4,3,3,3,4,4,1
194,4,6,7,4,5,5,2,6,7,4,1
42,2,4,5,4,4,3,4,3,4,4,1
154,3,4,5,4,3,2,2,2,3,4,1
14,2,4,5,4,3,4,4,4,4,4,1
761,2,4,5,4,1,3,4,3,4,4,1
402,4,4,5,3,5,2,5,3,4,3,1
751,4,4,4,3,4,3,4,3,4,3,1
13,3,4,5,4,5,3,4,3,4,4,1
701,3,1,1,1,5,1,4,3,1,4,1
572,3,3,4,2,6,2,5,3,1,4,1
62,3,4,5,4,3,3,4,3,4,4,1
400,3,4,5,5,4,4,4,3,5,4,1
798,2,4,5,4,6,4,4,3,5,4,1
728,2,4,5,4,3,4,3,3,4,4,1
725,2,4,5,4,3,4,4,3,4,4,1
566,2,4,5,5,3,4,4,4,4,4,1
707,3,4,4,4,5,3,3,4,4,4,1
141,4,5,5,4,3,5,2,5,5,4,1
979,2,4,5,4,3,4,3,4,4,4,1
793,2,4,5,4,3,4,4,3,4,4,1
230,3,4,4,4,4,3,4,3,4,4,1
219,3,4,5,4,3,4,3,4,4,4,1
902,3,4,4,4,6,4,3,4,4,4,1
575,2,4,5,3,3,4,3,4,5,4,1
163,3,5,5,4,4,4,3,5,5,4,1
424,3,4,5,4,5,4,4,3,4,4,1
333,2,5,6,5,3,4,3,5,5,4,1
613,2,4,5,4,4,3,4,4,3,4,1
984,3,4,5,4,3,3,3,2,4,4,1
994,2,4,5,4,4,3,4,3,3,4,1
897,3,4,5,4,3,3,3,3,4,4,1
204,2,4,5,4,5,3,3,2,3,4,1
969,6,4,3,3,1,3,3,3,3,2,1
951,3,3,4,3,4,3,4,3,3,4,1
341,2,4,5,3,3,3,4,3,5,4,1
270,3,5,5,4,5,4,4,3,4,4,1
981,3,4,5,4,5,4,3,4,4,4,1
937,6,5,5,4,3,3,4,3,3,3,1
846,3,4,4,4,3,3,4,3,3,4,1
31,2,4,5,4,4,3,3,2,4,4,1
44,3,4,5,4,5,3,3,3,4,4,1
147,3,5,5,4,5,3,3,3,4,4,1
435,5,4,3,3,3,3,4,3,3,3,1
272,3,3,4,3,4,3,4,3,3,4,1
719,3,4,5,4,5,3,4,3,4,4,1
371,3,4,4,3,5,3,3,3,3,4,1
659,2,4,5,4,3,4,4,4,4,4,1
940,3,4,5,4,5,4,4,3,4,4,1
966,2,4,5,4,3,3,3,3,4,4,1
263,2,4,5,4,3,3,4,3,4,4,1
892,2,3,4,3,4,3,4,3,3,4,1
813,2,4,5,5,5,4,4,3,4,4,1
539,4,5,4,4,4,4,3,4,4,4,1
556,2,4,5,4,3,4,3,3,4,4,1
476,2,4,5,4,2,4,3,3,3,4,1
419,2,4,5,5,3,4,3,4,4,4,1
214,2,4,5,4,4,4,4,4,4,4,1
962,4,4,3,3,5,3,4,3,4,3,1
780,3,4,5,4,4,3,3,3,4,4,1
63,3,4,4,4,4,3,4,3,4,4,1
625,3,4,5,3,3,3,3,3,4,4,1
446,3,4,4,4,3,3,3,3,4,4,1
691,3,3,4,4,4,3,3,3,3,4,1
634,5,5,4,4,4,3,3,3,4,3,1
746,3,4,5,4,4,3,3,3,3,4,1
99,4,4,2,4,6,3,3,3,4,3,1
848,2,4,4,4,4,3,3,3,3,4,1
296,2,4,4,4,5,3,4,3,3,4,1
452,3,4,4,4,5,4,3,3,4,4,1
35,2,4,5,4,4,4,4,3,4,4,1
677,3,5,4,4,4,4,4,3,4,4,1
781,3,4,5,4,5,2,2,2,4,4,1
559,4,3,2,4,3,2,3,3,3,4,1
683,3,3,4,4,4,3,3,3,3,4,1
710,3,4,4,4,5,3,4,3,3,4,1
678,3,4,5,5,4,4,4,4,4,4,1
175,2,4,5,5,4,4,4,3,4,4,1
851,2,4,5,4,4,4,3,3,4,4,1
934,3,5,5,5,5,4,4,3,4,4,1
515,2,4,5,5,4,4,4,3,4,4,1
601,2,4,5,5,4,4,3,4,4,4,1
132,3,5,5,5,4,5,4,5,4,4,1
532,2,5,5,5,4,4,4,3,5,4,1
675,2,4,5,5,4,4,3,3,4,4,1
958,3,6,5,5,3,5,2,5,5,4,1
920,2,5,6,4,4,4,3,5,5,4,1
722,7,6,4,4,2,4,4,3,4,3,1
462,2,4,5,4,4,4,4,3,5,4,1
839,3,4,4,3,3,3,4,4,4,4,1
246,3,4,5,4,5,3,3,3,4,4,1
953,4,4,4,3,3,3,4,3,4,3,1
876,3,4,5,4,5,3,4,3,4,4,1
218,3,4,5,4,4,3,3,3,4,4,1
587,3,4,5,4,3,3,4,3,4,4,1
964,3,4,5,4,5,3,3,2,3,4,1
117,3,4,5,4,4,3,4,3,4,4,1
653,2,3,3,3,4,3,4,3,3,4,1
474,4,5,5,4,5,4,4,4,5,4,1
662,3,5,5,4,3,4,4,4,4,4,1
978,3,4,5,4,5,4,4,4,4,4,1
470,3,4,4,4,2,4,3,3,4,4,1
405,4,5,5,5,5,4,3,5,5,4,1
681,2,4,5,5,4,4,4,4,3,4,1
692,2,4,5,5,5,4,4,3,4,4,1
501,2,4,5,5,4,5,5,5,4,4,1
731,2,4,5,5,4,4,3,3,4,4,1
52,2,4,5,4,4,3,3,3,4,4,1
451,5,5,4,4,5,4,3,3,4,4,1
329,3,4,4,4,4,4,4,3,4,4,1
531,3,4,4,4,4,4,4,3,4,4,1
78,4,6,5,5,5,5,5,3,5,5,1
393,2,4,5,5,4,5,4,3,4,4,1
505,2,4,5,5,3,4,3,3,5,4,1
881,3,4,5,4,2,4,4,4,4,4,1
834,2,4,5,4,5,4,4,4,4,4,1
148,2,4,5,4,5,4,4,3,3,4,1
279,2,4,4,4,3,4,3,5,5,4,1
399,3,5,5,4,5,4,4,5,5,4,1
370,2,4,5,4,4,5,3,3,5,4,1
1000,5,3,1,2,5,3,4,3,3,1,1
705,2,3,4,3,5,2,5,3,3,4,1
772,2,4,5,4,4,4,3,3,4,4,1
989,3,4,5,4,4,4,3,3,4,4,1
330,3,4,6,4,4,3,3,3,2,4,1
187,2,4,5,4,4,3,4,3,4,4,1
508,3,4,5,4,4,2,2,2,4,4,1
142,3,4,5,3,4,3,3,2,4,4,1
25,3,3,3,3,4,2,5,3,3,3,1
430,4,3,4,3,5,2,4,3,3,3,1
857,4,6,5,5,5,5,3,5,5,5,1
759,4,6,5,5,5,4,4,3,5,5,1
852,2,4,4,4,4,4,3,4,5,4,1
467,3,3,4,3,3,3,3,3,2,4,1
145,3,4,3,4,4,3,4,3,3,4,1
685,2,4,4,4,4,3,4,3,4,4,1
521,2,4,5,4,4,4,4,3,4,4,1
639,2,4,5,4,2,4,3,4,4,4,1
938,7,5,3,4,4,4,4,3,4,2,1
593,2,4,5,4,3,4,4,3,4,4,1
202,2,4,5,4,4,4,4,3,4,4,1
952,2,4,5,4,4,4,4,4,4,4,1
499,1,4,5,6,3,5,5,6,3,4,1
506,1,6,7,7,4,6,1,7,6,7,1
215,1,4,5,6,4,6,4,3,4,4,1
540,3,6,5,6,4,6,6,3,6,4,1
310,4,7,7,7,5,5,2,6,6,6,1
554,3,5,5,4,7,4,4,3,5,4,1
298,2,4,5,4,4,4,4,3,4,4,1
614,2,4,5,4,4,3,4,3,4,4,1
930,2,3,3,3,3,3,4,3,3,4,1
205,1,6,6,7,5,7,7,3,7,6,1
654,3,4,5,4,4,4,4,3,4,4,1
776,3,4,5,4,4,4,3,3,4,4,1
350,4,5,4,4,5,4,3,4,4,4,1
101,2,4,4,3,4,3,4,4,4,4,1
717,2,2,2,2,4,2,3,3,2,4,1
130,4,5,5,3,5,2,2,1,5,3,1
523,3,4,5,3,4,2,4,3,5,4,1
856,2,5,6,5,6,5,5,5,6,6,2
348,3,6,6,5,5,5,6,6,5,5,2
248,2,6,6,6,6,6,6,5,5,5,2
777,2,6,6,5,5,5,5,5,6,5,2
814,2,5,5,6,5,6,6,6,6,5,2
359,3,5,6,5,5,6,6,5,5,5,2
308,2,4,5,4,6,6,6,6,5,6,2
201,2,5,5,6,5,5,6,6,6,6,2
853,3,6,5,6,6,5,6,6,5,5,2
809,2,6,6,6,5,5,5,6,6,5,2
235,3,5,7,5,5,6,5,6,5,6,2
526,3,6,5,5,6,6,5,6,5,6,2
158,2,6,5,6,4,6,5,6,5,6,2
121,2,6,6,5,6,5,5,5,6,5,2
821,3,5,6,5,5,5,6,6,5,5,2
511,3,5,5,6,5,6,6,6,5,5,2
739,4,5,6,5,6,5,6,5,6,6,2
615,3,5,6,6,6,4,6,6,5,6,2
740,3,5,6,5,5,5,6,6,6,6,2
636,2,6,5,5,6,5,5,5,6,6,2
276,4,5,7,5,5,6,6,5,5,5,2
949,3,6,6,6,6,6,6,5,6,6,2
302,2,5,5,6,6,5,6,6,6,6,2
472,2,5,5,6,5,5,5,5,6,6,2
385,3,3,3,1,5,2,5,3,4,4,2
546,2,3,4,2,5,2,6,3,3,5,2
328,1,2,3,3,6,4,4,2,2,5,2
619,2,3,3,3,3,5,4,2,4,5,2
693,2,3,4,4,5,5,3,3,3,5,2
11,2,3,4,4,5,4,3,4,4,5,2
874,2,3,4,4,4,5,5,5,3,5,2
913,2,3,4,4,4,4,4,3,3,5,2
661,2,3,3,3,3,5,4,2,4,5,2
854,2,3,3,3,3,5,2,5,4,5,2
842,2,3,4,3,4,4,3,3,3,5,2
657,2,3,4,4,6,4,4,2,4,5,2
397,3,4,3,3,3,5,5,2,5,5,2
456,2,2,3,3,3,3,4,3,2,5,2
870,1,2,4,3,5,4,4,3,3,5,2
183,2,3,4,3,4,4,4,2,4,5,2
366,2,3,4,3,4,3,3,2,3,5,2
58,2,2,2,3,5,3,4,3,3,5,2
555,2,2,4,3,2,4,3,3,3,5,2
646,2,3,4,3,5,3,3,2,3,5,2
534,2,2,4,2,4,3,3,2,3,5,2
871,2,2,2,2,5,3,4,2,3,5,2
403,2,2,3,2,4,3,5,3,3,5,2
49,2,2,3,2,3,3,4,2,3,5,2
517,2,3,3,2,3,3,4,3,4,5,2
362,2,2,3,2,2,3,3,2,2,5,2
909,2,3,4,4,4,4,3,4,4,5,2
394,2,4,4,4,4,5,3,4,5,5,2
583,2,3,4,3,5,5,3,3,4,5,2
285,2,3,3,3,3,4,4,2,3,5,2
883,2,3,4,4,4,5,4,4,3,5,2
765,2,3,4,3,5,4,4,3,4,5,2
277,2,3,4,3,4,4,4,3,4,5,2
679,2,2,4,3,4,4,4,3,3,5,2
111,2,2,4,3,5,4,4,3,3,5,2
742,2,2,3,3,5,4,3,2,3,5,2
779,2,3,3,3,6,4,4,3,4,5,2
762,2,3,4,3,6,5,5,4,4,5,2
998,2,3,4,4,6,5,4,3,4,5,2
622,2,3,4,3,4,4,4,3,4,5,2
159,2,3,4,3,4,5,4,3,4,5,2
867,2,2,1,3,4,3,3,2,2,5,2
19,2,2,2,3,5,4,4,3,2,5,2
985,2,3,5,4,3,5,3,4,5,5,2
86,2,3,4,3,4,3,3,2,3,5,2
752,2,3,4,3,4,4,4,3,3,5,2
337,1,3,4,3,5,4,3,2,4,5,2
727,2,2,4,3,4,4,4,3,3,5,2
800,2,3,4,3,4,3,3,2,4,5,2
891,7,7,1,2,3,5,2,5,7,1,2
42,2,3,4,3,3,4,4,3,4,5,2
154,2,3,4,3,3,3,2,1,3,5,2
499,1,3,4,6,2,7,6,6,3,5,2
462,1,3,4,6,5,6,6,2,4,5,2
540,2,5,4,6,4,6,6,2,6,6,2
14,2,3,4,4,4,5,4,4,3,5,2
761,2,3,4,4,3,3,4,3,3,5,2
402,2,2,4,2,4,1,6,3,3,5,2
352,2,2,3,3,3,4,4,3,3,5,2
13,2,3,4,3,3,4,4,3,3,5,2
916,2,1,2,1,3,2,4,2,1,5,2
701,3,2,2,1,4,2,4,2,1,4,2
62,2,3,4,3,2,4,4,3,4,5,2
400,1,3,4,3,5,5,4,2,4,5,2
798,1,3,4,3,4,5,4,2,4,5,2
728,2,3,4,3,6,5,4,3,3,5,2
725,2,3,4,3,5,5,3,3,4,5,2
665,1,3,4,4,4,4,3,4,4,5,2
707,1,2,3,3,5,4,4,3,3,5,2
141,2,4,5,4,4,5,2,5,5,5,2
979,2,3,4,4,4,4,3,4,4,5,2
793,2,2,4,3,3,4,4,3,3,5,2
230,2,3,4,3,3,4,4,3,3,5,2
57,2,3,3,3,5,4,3,2,3,5,2
219,2,3,4,3,3,4,4,3,3,5,2
575,1,2,4,3,5,4,3,4,4,5,2
825,2,2,4,3,6,4,4,3,3,5,2
747,2,4,6,4,4,5,2,5,5,5,2
911,2,2,4,4,4,6,3,3,2,5,2
424,2,4,3,3,3,5,5,2,5,5,2
333,2,4,5,4,2,5,3,4,5,5,2
613,1,2,4,4,6,4,4,3,3,5,2
984,2,2,4,3,5,3,2,1,3,5,2
134,2,2,3,2,4,3,4,3,3,5,2
897,2,2,4,3,5,3,3,2,4,5,2
204,2,2,4,3,4,3,3,2,2,5,2
951,2,2,2,2,3,3,4,2,3,5,2
994,2,2,4,3,6,3,4,3,3,5,2
341,2,3,4,3,3,3,4,3,4,5,2
270,2,3,4,4,2,5,4,2,4,5,2
981,2,3,4,3,5,5,3,4,4,5,2
846,1,2,3,3,2,3,4,3,3,5,2
31,2,3,4,3,6,3,3,2,4,5,2
712,2,3,4,3,5,3,4,3,3,5,2
44,2,3,4,3,6,4,3,2,3,5,2
147,2,3,4,3,4,4,4,3,3,5,2
272,2,2,3,2,3,3,4,3,3,5,2
719,2,3,4,3,2,3,4,3,3,5,2
371,2,2,3,3,7,3,3,2,3,5,2
392,2,3,3,2,2,3,3,2,3,5,2
940,2,3,4,4,6,4,4,2,3,5,2
659,1,3,4,4,3,4,4,3,3,5,2
966,1,2,4,3,4,3,3,2,3,5,2
263,2,2,4,3,4,3,4,3,3,5,2
892,2,2,3,2,4,2,3,2,2,5,2
539,2,4,3,3,3,4,3,4,4,5,2
556,2,3,4,4,4,4,3,2,3,5,2
476,2,3,4,4,4,4,3,3,3,5,2
813,2,3,4,4,4,4,3,3,4,5,2
214,2,3,4,4,4,4,4,3,3,5,2
419,1,3,3,4,4,4,3,4,4,5,2
213,2,3,4,3,5,3,3,2,4,5,2
962,2,2,3,3,5,3,3,2,3,5,2
780,2,3,4,3,3,3,3,2,4,5,2
446,2,2,3,3,2,3,4,2,3,5,2
625,2,2,4,3,5,3,3,2,3,5,2
691,2,3,3,3,6,3,3,2,3,5,2
634,3,3,1,2,5,3,4,2,3,4,2
746,2,3,4,3,3,3,3,2,2,5,2
208,2,2,3,3,6,3,4,2,3,5,2
99,2,2,2,3,3,3,4,2,3,5,2
296,2,2,3,3,3,3,4,2,3,5,2
35,2,3,3,3,5,4,4,2,4,5,2
677,2,3,4,3,3,4,3,2,4,5,2
452,2,3,3,4,4,4,4,2,4,5,2
286,2,3,4,3,4,2,5,3,3,5,2
781,1,2,4,3,5,3,2,1,3,5,2
559,2,2,2,3,4,2,4,2,2,5,2
710,2,2,3,3,5,3,5,3,2,5,2
678,2,3,4,3,3,5,4,4,3,5,2
851,1,3,4,4,6,4,3,3,4,5,2
934,2,3,3,4,3,4,3,2,4,5,2
515,2,3,4,4,3,5,4,3,3,5,2
601,2,3,4,4,3,4,3,4,4,5,2
175,1,2,4,4,4,4,4,3,3,5,2
132,2,3,4,5,5,6,6,5,4,5,2
532,1,3,4,5,5,5,3,3,4,5,2
675,1,3,4,5,3,6,4,3,4,5,2
465,1,3,4,5,5,6,4,3,3,5,2
722,3,4,3,3,3,5,4,2,4,5,2
920,2,3,5,3,5,5,3,4,4,5,2
839,2,2,3,3,3,4,4,3,3,5,2
246,2,3,4,3,4,4,3,3,3,5,2
876,2,3,4,4,3,4,4,3,3,5,2
218,2,4,4,4,4,5,4,4,4,5,2
151,2,3,3,4,3,4,3,4,4,5,2
587,2,3,4,3,4,3,5,3,3,5,2
964,2,2,4,3,6,3,3,2,3,5,2
117,2,2,4,3,5,3,5,3,3,5,2
653,2,2,3,3,5,3,3,2,2,5,2
978,2,3,4,4,4,4,4,3,3,5,2
470,2,3,4,3,4,4,3,2,3,5,2
474,2,3,4,3,5,4,4,3,4,5,2
405,2,4,4,4,4,5,3,4,4,5,2
681,1,3,4,4,4,5,4,4,2,5,2
692,1,3,4,4,5,5,4,3,3,5,2
731,1,3,4,4,2,5,4,3,4,5,2
501,1,3,4,4,4,5,4,4,4,5,2
52,2,2,4,3,3,3,3,2,3,5,2
451,3,3,3,3,5,4,4,2,3,5,2
531,2,3,3,4,4,4,3,2,4,5,2
329,2,2,3,3,2,4,3,2,3,5,2
78,2,4,4,5,4,5,5,2,5,5,2
393,1,3,4,5,4,5,4,3,3,5,2
505,1,3,4,4,4,6,4,3,4,5,2
881,2,3,4,3,3,4,4,3,4,5,2
279,2,3,7,4,4,5,2,5,4,5,2
834,2,2,4,4,4,5,5,4,3,5,2
148,2,3,4,3,5,5,3,3,3,5,2
399,2,3,4,4,3,5,5,4,5,5,2
401,2,3,4,2,5,3,2,1,4,5,2
705,2,1,1,1,3,3,5,3,3,5,2
772,2,3,4,3,4,4,3,2,3,5,2
989,2,2,4,3,5,4,4,3,3,5,2
187,2,2,4,3,4,3,5,3,3,5,2
508,2,3,4,3,5,2,2,1,3,5,2
330,2,2,1,3,4,3,3,2,2,5,2
142,2,2,4,2,3,3,2,1,3,5,2
430,2,2,4,3,5,3,4,2,2,5,2
25,2,2,2,2,3,3,5,3,2,5,2
857,2,4,3,4,7,5,2,5,4,5,2
759,2,4,3,4,4,5,5,2,4,5,2
852,1,4,6,5,3,5,2,5,5,6,2
467,2,2,2,2,4,2,4,2,2,5,2
685,1,2,3,3,5,3,4,3,3,5,2
145,2,2,2,2,3,3,3,2,3,5,2
521,1,3,4,4,5,4,3,3,4,5,2
938,4,4,1,3,5,4,4,2,4,5,2
639,2,2,4,3,4,4,3,4,4,5,2
593,2,3,5,4,5,4,4,2,4,5,2
952,2,3,4,3,4,4,4,3,3,5,2
202,2,2,4,3,5,4,3,3,4,5,2
554,2,3,4,3,4,5,4,2,4,5,2
298,2,3,4,3,3,5,3,3,3,5,2
614,2,3,4,3,4,3,5,3,3,5,2
225,2,3,4,3,3,3,5,3,4,5,2
205,2,3,2,3,1,6,6,2,7,5,2
776,2,2,4,3,4,4,4,3,3,5,2
654,1,2,4,4,3,4,4,2,3,5,2
350,2,3,3,3,4,4,3,3,3,5,2
101,2,2,2,2,4,4,4,3,4,5,2
523,2,2,4,2,6,1,7,3,4,5,2
130,2,4,4,2,5,3,2,1,5,5,2
717,2,2,3,2,5,2,3,2,1,5,2
266,1,4,5,6,5,6,6,2,5,6,2
662,3,6,4,6,5,7,7,6,5,7,2
370,1,3,4,6,4,6,4,3,3,5,2
506,1,5,7,7,5,6,1,6,6,7,2
107,1,2,4,6,5,7,7,7,1,5,2
996,2,3,4,3,3,5,4,3,4,5,2
828,3,4,3,3,6,5,5,2,4,5,2
215,2,3,4,3,4,6,4,3,3,5,2
310,2,4,6,4,6,5,2,5,6,5,2
856,3,5,5,6,6,5,6,5,6,6,3
777,3,5,5,6,6,5,5,6,5,6,3
348,3,6,6,5,5,5,6,5,5,5,3
248,2,6,6,7,6,6,5,5,6,5,3
308,3,6,5,6,6,6,6,6,6,6,3
814,2,6,5,5,5,6,6,5,5,6,3
359,3,6,6,5,6,5,5,6,6,6,3
853,2,5,5,6,5,6,4,5,5,5,3
201,2,6,5,6,6,7,6,6,7,6,3
809,3,6,6,6,5,5,5,6,4,5,3
235,2,6,6,5,6,5,6,6,5,6,3
526,3,6,5,6,6,6,6,5,5,6,3
158,3,6,7,7,6,6,6,6,5,7,3
739,2,5,5,5,6,5,5,5,5,6,3
821,3,5,6,6,6,6,4,5,6,5,3
511,2,7,5,5,5,5,6,5,6,6,3
276,3,6,5,6,5,6,5,5,6,6,3
615,3,6,5,5,5,5,5,6,5,5,3
636,3,5,6,5,5,5,6,6,5,5,3
302,3,5,5,6,6,6,5,6,5,6,3
949,3,6,6,6,6,5,5,5,6,5,3
740,3,6,6,5,6,6,6,6,6,5,3
121,2,5,5,5,5,6,6,6,5,6,3
472,3,5,5,6,6,6,5,5,6,6,3
349,3,3,3,2,1,3,5,2,4,3,3
546,3,3,4,2,4,2,7,3,4,3,3
328,2,3,3,3,5,4,5,2,4,3,3
619,3,5,3,3,5,4,5,2,5,3,3
693,2,3,4,4,6,4,5,3,4,3,3
11,3,4,3,3,6,4,4,4,5,3,3
874,2,4,4,4,4,5,5,4,4,3,3
913,2,3,4,3,4,4,4,3,4,3,3
661,2,4,3,3,2,5,5,2,5,3,3
564,7,6,2,3,4,4,4,4,5,2,3
842,2,3,4,3,5,4,4,3,4,3,3
657,2,3,4,3,4,4,4,2,4,3,3
397,3,5,3,4,4,4,5,2,5,3,3
870,2,3,4,3,4,3,5,3,4,3,3
970,2,3,4,3,3,3,5,3,5,3,3
183,3,4,4,3,2,4,5,2,5,3,3
366,2,4,4,3,4,3,4,2,4,3,3
58,2,3,3,3,4,3,5,3,4,3,3
555,2,3,4,4,2,4,4,3,4,3,3
646,2,3,4,3,5,3,4,2,3,3,3
534,2,3,4,3,4,3,4,2,4,3,3
871,3,3,2,2,6,3,5,2,4,3,3
403,2,2,3,2,3,3,6,3,4,3,3
49,2,3,2,2,5,2,4,2,4,3,3
318,5,5,2,2,4,3,4,2,5,1,3
362,2,2,2,2,4,3,5,2,3,3,3
909,2,4,3,3,6,4,4,4,5,3,3
394,3,5,4,4,5,5,3,4,6,3,3
583,2,4,4,4,3,4,5,3,5,3,3
285,2,3,3,3,3,4,5,2,4,3,3
883,2,4,4,4,4,4,5,3,4,3,3
765,2,4,4,4,3,4,5,3,4,3,3
277,2,4,4,3,2,4,5,3,5,3,3
679,2,4,4,3,4,4,5,3,4,3,3
111,2,3,4,3,4,4,5,3,4,3,3
742,2,3,3,3,4,3,4,2,4,3,3
779,2,3,3,3,4,4,5,3,4,3,3
762,2,4,4,4,5,4,5,4,5,3,3
998,2,4,4,4,4,5,5,3,4,3,3
19,2,3,3,3,6,4,5,3,3,3,3
622,3,4,4,3,4,4,5,3,5,3,3
985,2,4,4,4,5,4,4,4,5,3,3
159,2,3,4,3,4,4,5,3,5,3,3
867,2,3,3,3,4,3,5,2,3,3,3
337,2,4,4,4,3,4,5,2,5,3,3
727,2,3,4,4,5,4,5,3,5,3,3
800,2,4,4,3,4,3,4,2,4,3,3
136,2,2,4,3,6,5,4,3,1,3,3
42,2,3,4,3,5,4,5,3,4,3,3
154,2,4,4,3,4,2,3,1,4,3,3
499,1,4,4,5,4,5,6,5,4,3,3
182,1,3,4,5,5,5,6,4,3,3,3
462,1,4,4,6,4,5,6,2,4,4,3
540,1,3,3,5,1,5,6,2,5,3,3
752,2,4,4,5,3,5,6,4,5,3,3
14,2,3,4,3,3,4,5,3,4,3,3
761,2,3,4,4,5,3,5,3,4,3,3
402,3,3,4,2,5,2,6,3,4,3,3
15,2,3,3,3,4,4,4,3,4,3,3
352,2,4,4,3,5,4,4,3,4,3,3
13,2,3,4,3,4,4,5,3,4,3,3
620,2,3,4,2,3,1,7,3,4,3,3
916,2,1,2,1,4,2,4,2,3,3,3
62,2,3,4,3,5,3,5,3,4,3,3
400,2,4,4,4,5,5,5,2,5,3,3
798,2,3,3,3,5,5,5,2,5,3,3
728,2,3,4,4,4,4,5,3,4,3,3
725,2,3,4,4,4,4,4,3,5,3,3
67,2,3,4,4,4,4,5,3,4,3,3
665,2,4,4,4,5,5,4,4,5,3,3
707,2,3,3,3,4,4,5,3,4,3,3
141,2,4,4,4,4,5,3,5,5,3,3
684,3,2,1,1,2,3,5,2,5,2,3
979,2,3,2,2,4,3,5,3,5,3,3
793,2,3,4,4,5,4,5,3,4,3,3
230,2,3,3,3,3,4,5,3,4,3,3
570,2,4,4,4,3,4,4,3,5,3,3
57,2,3,3,3,6,4,4,2,4,3,3
575,2,3,4,3,5,4,4,4,5,3,3
825,2,3,4,3,4,4,5,3,4,3,3
911,2,3,4,3,4,5,5,3,3,3,3
424,3,5,3,3,2,5,6,2,5,3,3
747,2,4,5,4,5,5,3,4,5,3,3
333,2,4,4,4,3,5,4,4,6,3,3
613,2,3,3,4,5,4,5,3,3,3,3
984,2,3,4,3,5,3,3,2,4,3,3
994,2,3,4,3,4,3,5,3,4,3,3
204,2,3,4,3,6,3,4,2,4,3,3
134,2,3,3,3,3,3,5,3,4,3,3
951,2,3,3,3,6,3,4,2,4,3,3
897,2,3,4,3,5,3,4,2,4,3,3
341,2,3,4,3,7,3,5,3,5,3,3
688,2,3,4,4,5,5,5,4,4,3,3
270,3,4,4,4,5,5,5,2,5,3,3
846,2,3,3,3,3,3,5,3,4,3,3
31,2,4,4,3,5,3,4,2,5,3,3
712,2,3,4,3,5,3,5,3,4,3,3
44,2,3,4,3,4,4,4,3,4,3,3
147,2,4,4,3,2,4,5,3,5,3,3
392,3,3,3,3,3,3,5,2,4,3,3
272,2,3,2,3,4,3,5,3,4,3,3
719,2,4,4,3,3,3,5,3,4,3,3
371,2,3,3,3,4,3,4,2,4,3,3
297,2,3,4,3,6,3,5,3,4,3,3
940,2,3,4,4,3,4,4,2,4,3,3
659,2,4,4,4,4,4,5,3,4,3,3
261,3,4,4,3,4,3,3,2,5,3,3
966,2,3,4,3,4,3,3,1,4,3,3
263,2,3,4,3,5,3,5,3,4,3,3
892,2,3,3,2,4,3,4,2,4,3,3
76,2,4,5,4,5,4,4,4,5,4,3
813,2,4,4,4,4,4,4,3,4,3,3
556,2,4,4,4,4,4,5,2,5,3,3
419,2,3,3,4,3,4,4,4,5,3,3
214,2,4,4,4,4,4,5,3,5,3,3
476,2,3,4,4,4,4,5,3,4,3,3
962,3,3,2,3,4,3,4,2,4,3,3
213,2,3,4,3,4,3,4,2,5,3,3
625,2,3,4,3,4,3,4,2,4,3,3
446,2,3,3,3,3,3,4,2,4,3,3
780,2,3,4,3,4,3,4,2,4,3,3
634,4,5,3,3,3,3,4,2,4,3,3
746,2,3,4,3,2,3,4,2,3,3,3
691,3,3,2,3,3,3,5,2,4,3,3
99,3,3,1,3,4,3,4,2,4,3,3
208,2,3,2,3,5,3,5,2,4,3,3
296,2,3,3,3,4,3,5,2,4,3,3
452,2,3,2,3,6,3,5,2,5,3,3
35,2,3,3,3,4,3,5,2,5,3,3
677,2,3,2,3,5,3,5,2,5,3,3
559,2,3,4,3,4,3,4,2,3,3,3
286,2,3,4,3,3,2,6,3,4,3,3
710,2,3,2,3,4,2,6,3,3,3,3
781,2,3,4,3,5,2,3,1,4,3,3
678,2,4,4,4,5,4,5,4,4,3,3
175,2,4,4,4,3,4,5,3,4,3,3
851,2,4,4,4,4,4,4,3,4,3,3
934,2,4,3,4,3,4,5,2,5,3,3
601,2,3,4,4,3,4,4,4,5,3,3
515,2,4,4,4,3,4,5,3,4,3,3
132,2,4,4,5,2,5,6,4,5,3,3
532,1,4,4,5,3,5,5,3,5,3,3
465,2,3,4,5,4,5,5,3,4,3,3
675,2,4,4,5,4,5,5,3,4,3,3
920,2,4,4,4,4,4,4,4,4,3,3
722,4,5,3,3,4,4,4,2,5,3,3
602,2,4,4,3,3,3,4,2,5,3,3
246,2,3,4,3,5,3,4,2,4,3,3
151,2,4,4,4,3,4,4,4,5,4,3
876,2,3,4,4,6,4,5,3,4,3,3
218,3,5,4,4,4,4,5,3,5,3,3
587,2,3,4,3,5,3,5,3,4,3,3
964,2,3,4,3,4,3,4,2,4,3,3
117,2,3,4,3,5,3,5,3,4,3,3
600,2,3,3,3,5,3,5,3,3,3,3
653,2,2,2,3,4,3,5,2,3,3,3
474,3,4,4,4,5,4,5,3,5,3,3
978,2,3,4,4,5,4,5,3,4,3,3
470,2,4,4,4,5,4,5,2,5,3,3
405,3,4,3,4,3,4,4,4,5,3,3
681,2,3,4,4,4,5,5,4,4,3,3
692,2,3,4,4,3,5,5,3,4,3,3
731,2,4,4,5,3,5,4,3,4,3,3
501,2,4,4,5,4,5,6,4,4,3,3
52,2,3,4,3,4,3,4,2,4,3,3
451,3,4,2,3,6,4,5,2,4,3,3
329,2,3,3,3,4,4,5,2,4,3,3
531,2,3,3,4,5,4,4,2,4,3,3
393,1,3,4,5,3,5,5,3,4,3,3
505,2,4,4,5,4,5,4,3,5,3,3
78,3,5,3,4,4,5,5,2,5,4,3
881,2,3,4,3,5,4,5,3,4,3,3
834,2,3,4,4,4,5,6,4,4,3,3
279,2,4,3,4,4,5,3,5,5,3,3
399,3,4,4,3,5,5,6,4,5,3,3
25,2,2,1,2,2,2,6,3,3,3,3
430,3,3,2,2,6,3,5,2,3,3,3
142,2,3,4,3,6,3,4,2,4,3,3
401,2,4,4,3,6,3,4,2,4,3,3
705,2,2,2,2,4,3,6,3,4,3,3
857,2,4,4,5,3,4,4,4,5,4,3
759,2,4,4,5,2,4,5,2,4,3,3
772,2,3,3,4,4,4,4,2,4,3,3
989,2,4,4,4,3,4,5,3,4,3,3
187,2,3,4,3,4,3,5,3,4,3,3
508,2,3,4,3,4,3,3,2,4,3,3
330,2,3,3,3,6,3,5,2,3,3,3
521,2,3,4,4,5,4,5,3,4,3,3
639,2,3,4,3,4,4,4,4,5,3,3
938,5,5,2,3,3,4,5,2,4,2,3
202,2,3,4,3,4,4,5,3,4,3,3
952,2,3,4,3,5,4,5,3,4,3,3
593,2,3,3,3,2,4,5,2,4,3,3
769,2,3,4,4,2,4,5,3,4,3,3
86,3,5,4,3,5,4,5,4,5,3,3
554,2,3,4,4,5,4,5,2,4,3,3
298,2,4,4,4,6,4,5,3,5,3,3
918,2,4,4,4,5,4,5,2,4,3,3
614,2,3,4,4,5,3,6,3,4,3,3
225,2,3,4,3,4,3,5,3,4,3,3
205,2,5,6,3,6,5,6,2,7,3,3
654,2,4,3,4,4,4,5,2,4,3,3
776,2,3,4,4,5,4,5,3,4,3,3
907,2,3,4,3,3,4,5,2,4,3,3
817,2,3,3,3,4,3,5,3,4,3,3
130,3,4,4,2,3,3,4,2,5,3,3
523,2,3,4,3,4,2,6,3,5,3,3
717,2,1,1,1,5,1,4,2,3,3,3
266,1,5,5,6,7,5,6,2,5,4,3
662,4,7,4,6,4,6,7,5,6,5,3
107,1,3,4,6,5,6,7,5,3,3,3
506,1,7,7,7,3,7,1,7,6,7,3
370,1,3,4,6,5,6,5,3,4,3,3
910,1,3,4,5,4,5,6,4,4,3,3
148,1,3,4,5,3,5,4,3,4,3,3
459,1,5,5,6,6,5,6,2,5,5,3
828,2,4,4,3,6,4,5,2,4,3,3
852,2,4,4,4,4,5,3,4,6,3,3
996,2,4,4,4,4,6,4,3,4,3,3
467,7,7,2,3,5,5,5,2,5,2,3
215,2,5,4,4,4,5,4,3,6,3,3
145,4,4,3,3,3,4,5,2,4,3,3
685,3,4,3,3,4,4,5,3,4,3,3
310,2,3,2,3,3,4,5,3,4,3,3
914,3,4,3,3,5,4,5,3,4,3,3
856,2,6,6,6,6,6,5,5,5,5,4
348,2,6,4,6,6,5,5,5,6,6,4
248,2,6,5,6,6,5,6,6,5,5,4
777,3,5,5,5,5,6,6,6,6,6,4
814,3,6,5,6,5,6,6,6,7,5,4
359,3,6,5,5,6,5,5,5,6,5,4
308,2,6,5,5,6,6,5,6,5,5,4
201,3,6,5,4,5,7,6,5,5,5,4
853,2,6,5,6,6,6,4,6,7,5,4
809,3,5,6,5,5,7,6,5,5,5,4
235,2,5,6,5,6,6,6,5,5,5,4
526,4,5,5,6,5,5,6,5,5,6,4
158,2,6,6,5,5,5,5,6,6,5,4
739,3,5,6,6,5,6,4,5,5,5,4
821,3,5,6,4,5,5,5,6,6,5,4
276,3,5,6,5,5,6,5,5,5,6,4
511,3,6,5,6,6,5,6,6,6,6,4
121,2,5,5,5,6,5,6,6,5,4,4
636,3,6,6,5,6,5,6,5,5,6,4
302,2,5,5,6,6,6,5,6,6,6,4
949,3,6,6,5,6,6,5,6,6,6,4
615,2,6,5,6,4,6,5,6,5,5,4
740,3,5,5,6,5,5,5,5,5,6,4
472,3,5,5,5,5,6,5,5,5,5,4
349,2,2,3,2,3,2,4,2,4,5,4
546,2,2,4,2,4,2,6,3,4,5,4
328,2,3,3,4,2,4,4,2,4,5,4
619,3,5,4,4,3,5,5,2,5,5,4
693,2,3,4,4,4,4,4,3,4,5,4
11,2,4,4,4,3,4,3,4,5,5,4
874,2,3,4,4,4,5,5,4,4,5,4
913,2,3,4,4,3,4,4,3,4,5,4
661,2,4,4,4,5,5,5,2,5,5,4
61,2,4,4,4,4,4,5,3,5,5,4
842,2,4,4,4,3,4,4,2,4,5,4
657,2,3,4,3,4,4,4,2,5,5,4
397,4,5,3,3,3,5,5,2,5,5,4
970,2,3,4,3,3,3,5,3,5,5,4
870,2,3,4,3,4,3,5,3,4,5,4
183,2,4,4,3,2,4,4,2,5,5,4
58,2,2,3,3,4,4,5,3,4,5,4
555,2,3,4,3,3,4,4,3,4,5,4
646,2,2,4,4,4,3,3,2,4,5,4
534,2,3,4,3,4,4,4,2,4,5,4
871,3,2,2,2,3,3,4,2,4,4,4
810,2,2,4,3,4,3,5,3,4,5,4
49,2,2,3,2,4,2,4,2,4,5,4
497,7,3,1,1,2,3,4,3,5,1,4
362,2,1,2,2,2,3,4,2,3,5,4
909,2,3,4,4,3,4,4,4,5,5,4
394,2,4,3,3,3,5,3,5,5,5,4
583,2,3,4,4,3,4,4,3,5,5,4
285,2,3,3,4,4,4,4,2,4,5,4
883,2,3,4,4,4,4,5,3,4,5,4
765,2,4,4,4,4,4,4,3,4,5,4
277,2,3,4,4,3,4,4,3,4,5,4
679,2,3,4,4,4,4,4,3,4,5,4
111,2,3,4,4,3,4,4,3,4,5,4
742,2,3,3,3,3,3,4,2,4,5,4
606,2,3,4,4,3,4,4,3,5,5,4
762,2,3,4,3,3,5,5,4,4,5,4
998,2,4,4,4,5,5,4,3,4,5,4
19,2,2,3,3,4,4,4,3,3,5,4
622,2,3,4,3,4,4,4,3,4,5,4
985,2,4,4,4,4,4,4,4,4,5,4
159,2,3,4,3,3,4,4,3,5,5,4
867,2,2,3,3,3,4,4,2,3,5,4
337,2,3,4,4,3,4,4,2,5,5,4
727,2,3,4,4,4,4,4,3,5,5,4
680,2,3,4,4,4,3,4,2,4,5,4
136,2,2,4,4,4,5,4,3,1,5,4
42,2,3,4,3,3,4,4,3,4,5,4
154,2,3,4,3,4,3,3,2,5,5,4
982,3,3,3,3,4,3,5,3,4,5,4
499,1,3,4,6,3,6,7,6,4,5,4
182,1,3,4,6,4,5,5,4,3,5,4
462,1,3,3,5,2,5,6,2,4,5,4
540,2,7,5,6,5,6,6,2,6,6,4
752,2,4,4,6,3,5,5,4,5,5,4
14,2,3,4,4,4,4,5,4,4,5,4
761,2,3,4,4,3,4,5,3,4,5,4
402,2,3,4,2,3,1,7,3,4,5,4
352,2,3,4,3,2,4,4,3,4,5,4
13,2,3,4,3,3,4,4,3,5,5,4
15,2,3,4,3,3,4,4,3,4,5,4
916,2,1,3,2,3,2,4,2,3,5,4
620,2,2,4,2,3,2,6,3,4,5,4
62,2,2,4,3,3,4,4,3,4,5,4
545,2,3,4,3,3,4,4,3,4,5,4
400,2,3,4,4,3,4,4,2,5,5,4
831,2,3,4,3,3,5,5,4,5,5,4
798,2,3,4,4,4,4,5,2,5,5,4
728,2,3,4,4,4,5,4,3,4,5,4
725,2,3,4,4,3,5,4,3,5,5,4
67,2,3,4,4,3,5,5,4,4,5,4
665,2,4,4,4,5,5,3,4,5,5,4
547,1,5,5,6,4,5,6,2,6,6,4
98,2,3,4,4,4,4,4,2,4,5,4
707,2,3,3,3,4,4,4,3,5,5,4
141,2,4,4,4,3,5,3,4,5,5,4
979,2,3,4,4,4,4,4,3,4,5,4
684,3,3,3,3,3,4,4,2,5,5,4
793,2,3,4,3,3,4,4,3,4,5,4
230,2,3,3,3,4,4,4,3,4,5,4
570,2,4,4,4,3,4,4,3,5,5,4
57,2,4,4,4,2,4,4,2,4,5,4
578,2,3,4,4,4,4,4,3,4,5,4
575,2,3,4,3,3,4,4,4,5,5,4
825,2,2,4,3,4,4,4,3,4,5,4
911,2,3,4,4,5,5,4,3,3,5,4
747,2,5,7,4,3,5,3,5,6,5,4
424,3,4,3,3,3,5,5,2,5,5,4
333,2,4,4,4,3,5,3,5,6,5,4
613,2,3,4,4,5,4,4,3,4,5,4
984,2,3,4,3,2,3,3,2,4,5,4
994,2,3,4,3,3,3,5,3,4,5,4
897,2,3,4,3,5,3,4,2,4,5,4
204,2,3,4,3,4,3,4,2,4,5,4
134,2,2,3,2,4,3,5,3,4,5,4
951,2,2,3,3,3,3,4,2,4,5,4
341,2,3,4,3,3,3,5,3,4,5,4
270,2,4,4,4,4,5,5,2,5,5,4
563,2,3,4,4,4,5,4,3,4,5,4
44,2,3,4,4,3,4,4,3,4,5,4
147,2,3,4,4,3,4,4,3,4,5,4
925,2,2,3,3,3,3,5,3,4,5,4
272,2,2,3,3,4,3,5,3,4,5,4
297,2,3,4,3,3,3,5,3,4,5,4
719,2,3,4,3,4,3,5,3,4,5,4
371,2,3,3,3,3,3,4,2,4,5,4
392,3,2,2,2,4,3,4,2,4,5,4
940,2,3,4,4,3,4,4,2,4,5,4
659,2,3,4,4,4,4,4,3,4,5,4
846,2,2,3,3,4,3,5,3,3,5,4
966,2,2,4,3,3,3,4,2,4,5,4
261,3,4,4,3,3,3,4,2,5,5,4
263,2,3,4,3,3,3,5,3,4,5,4
892,2,1,3,2,4,2,4,2,4,5,4
803,2,3,4,4,4,4,4,4,5,5,4
813,2,3,4,4,4,4,4,3,4,5,4
556,2,3,4,4,4,4,4,2,4,5,4
476,2,3,4,4,3,4,4,3,4,5,4
214,2,3,4,4,3,4,5,3,4,5,4
76,2,4,5,4,4,4,4,4,5,5,4
780,2,3,4,3,2,3,4,2,5,5,4
213,2,3,4,3,3,3,4,2,5,5,4
625,2,3,4,3,3,4,4,2,4,5,4
446,2,2,3,3,4,3,4,2,4,5,4
962,3,3,3,3,4,3,4,2,4,5,4
691,3,2,2,2,3,3,4,2,4,5,4
634,4,3,2,2,3,3,4,2,4,4,4
746,2,3,4,3,3,3,3,2,4,5,4
99,3,3,3,3,2,3,4,2,4,5,4
296,2,2,3,3,3,3,4,2,4,5,4
208,2,3,3,3,3,3,4,2,4,5,4
452,3,2,2,2,3,3,4,2,5,5,4
35,2,2,3,2,2,3,4,2,5,5,4
677,3,2,3,2,4,3,4,2,4,5,4
559,2,2,2,3,3,2,4,2,3,5,4
286,2,2,4,3,4,3,5,3,4,5,4
710,2,1,2,3,4,3,5,3,3,5,4
781,2,3,4,3,3,2,3,1,4,5,4
678,2,3,4,4,3,5,5,4,4,5,4
175,2,3,4,4,3,4,4,3,4,5,4
934,2,4,4,4,4,5,5,2,5,5,4
515,2,3,4,4,4,4,4,3,4,5,4
601,2,4,4,5,4,4,4,4,5,5,4
851,2,3,4,4,3,4,4,3,5,5,4
132,2,4,4,5,2,6,6,5,5,5,4
532,1,3,4,5,3,5,4,3,5,5,4
465,1,3,4,5,4,6,4,3,4,5,4
675,2,3,4,5,4,5,4,3,5,5,4
269,2,3,4,4,3,5,5,4,3,5,4
722,4,5,3,3,2,5,5,2,5,5,4
246,2,3,4,3,3,4,4,2,4,5,4
602,2,3,4,3,4,4,4,2,4,5,4
151,2,4,4,4,4,4,4,4,5,5,4
876,2,3,4,4,3,4,4,3,4,5,4
218,3,4,4,4,2,4,5,3,5,5,4
964,2,3,4,3,3,3,3,2,4,5,4
117,2,2,4,3,3,4,5,3,4,5,4
600,2,2,3,3,2,3,5,3,4,5,4
587,2,3,4,3,3,3,5,3,4,5,4
653,2,2,3,3,5,3,4,2,4,5,4
474,3,4,4,4,3,4,4,3,5,5,4
470,2,3,3,3,3,4,4,2,4,5,4
978,2,3,4,4,3,4,4,3,5,5,4
875,2,4,4,4,4,5,3,4,5,5,4
692,2,3,4,4,3,4,4,3,4,5,4
681,2,3,4,5,4,5,5,4,4,5,4
731,2,3,4,5,3,4,4,3,5,5,4
501,2,3,4,5,3,5,5,4,4,5,4
52,2,2,4,3,3,3,4,2,4,5,4
451,4,5,3,4,4,4,4,2,4,5,4
531,2,3,3,3,3,4,4,2,4,5,4
329,2,3,4,4,3,4,4,2,4,5,4
78,3,5,4,5,3,5,5,2,6,5,4
393,1,4,4,5,4,5,4,3,4,5,4
505,1,3,4,5,3,5,4,3,5,5,4
881,2,3,4,3,3,4,5,3,4,5,4
834,2,3,4,4,3,5,5,4,4,5,4
279,2,2,2,3,4,5,3,5,5,5,4
399,3,4,4,4,3,5,5,4,5,5,4
142,2,3,4,3,3,3,3,2,4,5,4
25,2,2,3,2,3,2,6,3,3,5,4
430,3,2,3,2,3,3,4,2,3,5,4
401,2,3,4,3,3,3,3,2,4,5,4
131,2,3,4,3,3,3,3,2,4,5,4
857,1,3,4,5,4,4,4,4,4,5,4
759,2,4,4,5,3,5,5,2,5,5,4
772,2,3,3,3,3,4,4,2,4,5,4
989,2,3,4,4,3,4,4,3,4,5,4
330,2,2,3,3,3,3,4,2,3,5,4
187,2,3,4,3,4,3,5,3,4,5,4
508,2,3,4,3,3,2,3,1,4,5,4
521,2,3,4,4,4,4,4,3,5,5,4
593,2,3,3,3,3,4,5,2,5,5,4
952,2,3,4,3,2,4,5,3,4,5,4
938,5,5,2,3,4,4,5,2,5,5,4
202,2,3,4,3,3,4,4,3,4,5,4
639,2,3,3,3,3,4,4,4,5,5,4
554,2,4,4,4,2,4,4,2,5,5,4
918,2,3,4,4,5,4,5,2,5,5,4
769,2,3,4,4,3,5,4,3,4,5,4
86,3,5,4,4,3,4,5,3,5,5,4
298,2,3,4,4,4,4,4,3,5,5,4
712,2,3,4,4,3,4,4,3,5,5,4
858,2,3,4,4,3,4,4,3,4,5,4
614,2,3,4,3,4,3,5,3,4,5,4
225,2,3,4,4,4,4,5,3,4,5,4
205,2,3,2,2,1,6,6,2,7,5,4
654,2,3,3,4,2,4,4,2,5,5,4
776,2,3,4,4,4,4,4,3,4,5,4
907,2,3,4,4,4,4,4,2,5,5,4
817,2,2,3,3,4,3,5,3,4,5,4
31,2,2,4,2,3,3,3,2,4,5,4
717,3,2,2,1,3,2,4,2,3,4,4
523,2,3,4,3,3,2,6,3,4,5,4
723,2,2,4,3,3,2,3,1,4,5,4
241,2,3,3,3,4,4,5,3,4,5,4
442,4,4,3,3,4,3,4,2,4,5,4
354,2,2,3,3,2,4,5,3,4,5,4
267,2,3,3,3,3,3,5,3,4,5,4
266,1,5,5,6,6,6,6,2,5,6,4
662,4,7,4,6,3,6,6,5,6,6,4
107,1,2,4,5,2,7,7,6,3,5,4
506,1,6,5,7,3,7,1,7,6,6,4
370,1,3,4,6,5,6,4,3,4,5,4
148,1,3,4,6,5,6,4,3,4,5,4
910,1,3,4,6,4,5,6,5,4,5,4
459,1,6,6,7,7,5,6,2,5,7,4
828,2,3,4,3,3,5,5,2,4,5,4
852,2,4,4,4,3,5,3,4,6,5,4
996,2,3,4,4,4,5,4,3,4,5,4
212,2,4,4,4,3,6,4,3,4,5,4
215,3,4,4,4,4,6,4,3,4,5,4
145,4,3,3,3,3,4,4,2,4,5,4
914,3,3,3,3,3,4,4,3,4,5,4
310,2,3,3,3,4,4,4,3,5,5,4
685,3,3,3,3,4,4,4,3,4,5,4
856,3,5,4,6,5,5,5,6,5,6,5
348,2,6,6,7,5,6,7,5,6,6,5
248,2,6,6,5,6,5,5,5,5,6,5
777,3,6,6,6,6,6,5,5,6,5,5
814,2,6,4,6,6,6,6,6,5,5,5
359,3,5,6,5,5,5,5,6,5,6,5
308,2,5,5,6,6,5,5,7,6,5,5
201,2,5,6,6,5,6,5,6,5,6,5
853,2,6,6,5,6,6,5,5,5,4,5
809,2,5,6,6,5,6,4,5,6,6,5
235,3,5,6,5,5,5,6,5,6,5,5
526,3,6,6,6,6,5,5,5,5,6,5
739,2,5,5,5,6,6,5,6,5,5,5
121,2,5,5,7,7,6,6,5,5,5,5
821,2,6,5,5,5,6,5,6,6,6,5
158,3,5,5,5,6,6,6,4,6,6,5
511,2,5,6,5,5,6,5,6,6,5,5
276,2,6,6,5,5,5,5,6,5,6,5
615,3,6,5,5,6,5,5,5,6,6,5
871,2,6,5,5,5,5,6,5,6,6,5
302,3,6,6,5,4,5,6,6,6,6,5
949,3,6,6,5,5,5,6,6,5,6,5
740,2,6,6,6,5,6,6,5,5,5,5
636,2,5,6,5,5,6,5,5,4,5,5
472,2,5,6,6,5,5,5,6,6,6,5
349,3,3,4,2,2,3,4,3,4,5,5
546,2,3,4,2,3,3,5,4,3,5,5
328,2,3,4,4,2,4,4,3,4,5,5
619,3,4,4,3,3,4,4,3,5,5,5
693,2,3,4,4,3,5,4,4,4,5,5
260,4,6,4,4,2,4,4,4,7,5,5
874,2,3,4,4,2,5,4,4,4,5,5
913,2,3,4,4,3,4,4,4,4,5,5
661,2,4,5,4,5,5,5,3,5,5,5
61,2,4,4,4,2,4,4,4,5,5,5
842,2,3,4,4,3,4,3,3,4,5,5
657,2,3,4,3,4,4,4,3,4,5,5
397,2,4,4,4,2,4,4,3,6,5,5
970,2,4,4,3,4,3,5,4,6,5,5
870,2,3,4,3,4,3,5,4,4,5,5
183,2,4,4,3,3,4,4,3,5,5,5
58,2,3,3,3,2,3,4,4,3,5,5
555,2,3,4,4,2,4,4,4,3,5,5
646,2,3,4,4,3,3,3,3,3,5,5
534,2,3,4,3,2,3,3,3,4,5,5
810,2,3,4,2,3,3,5,4,3,5,5
181,7,4,1,1,3,3,4,3,4,1,5
362,2,2,3,2,3,2,4,3,3,5,5
909,2,3,4,4,3,4,3,5,4,5,5
90,3,5,4,4,4,5,5,5,5,5,5
583,2,3,4,4,4,4,4,4,4,5,5
285,2,3,4,4,3,4,4,3,4,5,5
883,2,3,4,4,3,4,4,4,4,5,5
765,2,4,4,4,3,4,4,4,4,5,5
277,2,3,4,3,1,4,4,4,4,5,5
679,2,3,4,4,3,4,4,4,4,5,5
111,2,3,4,3,2,4,4,4,3,5,5
742,2,2,3,3,2,4,4,3,3,5,5
606,2,4,4,3,2,4,4,4,5,5,5
762,2,4,4,3,2,4,4,4,4,5,5
998,2,4,4,4,3,5,4,4,4,5,5
19,2,2,3,3,3,4,4,4,2,5,5
622,2,3,4,3,2,4,3,3,4,5,5
311,2,4,4,3,3,4,4,4,4,5,5
159,2,3,4,3,3,4,4,4,5,5,5
867,2,3,2,3,3,3,4,3,2,5,5
639,2,3,4,3,3,3,5,4,3,5,5
49,2,2,3,3,3,3,4,3,3,5,5
593,2,4,4,4,3,4,4,3,4,5,5
493,4,5,3,3,3,4,4,3,4,5,5
337,2,3,4,4,2,4,4,3,3,5,5
727,2,4,4,4,4,4,4,4,4,5,5
680,2,3,4,4,4,3,3,3,3,5,5
136,2,3,4,4,5,4,4,4,1,5,5
42,2,3,4,3,2,4,4,4,4,5,5
154,2,4,4,3,3,3,3,3,4,5,5
750,2,3,4,3,3,3,3,3,3,5,5
499,1,3,4,6,2,7,7,7,3,5,5
182,1,3,4,6,4,5,5,5,2,5,5
462,1,3,4,5,3,5,5,3,3,5,5
138,1,3,4,6,2,6,4,4,2,5,5
540,1,4,4,6,2,6,6,3,6,5,5
752,2,4,4,6,3,5,5,5,4,5,5
14,2,3,4,4,2,4,4,4,4,5,5
761,2,3,4,4,3,4,4,4,4,5,5
402,2,2,4,2,2,2,5,4,3,5,5
190,2,3,4,4,3,4,4,4,3,5,5
466,2,3,4,3,3,4,4,3,4,5,5
13,2,3,4,3,2,4,4,4,3,5,5
620,2,2,4,2,4,1,7,4,3,5,5
916,2,1,2,1,1,2,4,3,1,5,5
236,2,2,4,2,4,1,1,1,3,5,5
545,2,3,4,3,3,4,4,4,4,5,5
62,2,3,4,3,3,4,4,4,3,5,5
400,2,4,4,4,2,4,4,3,5,5,5
831,2,3,4,3,2,4,4,4,4,5,5
798,2,3,4,4,3,4,4,3,4,5,5
728,2,3,4,4,3,5,4,4,3,5,5
725,2,3,4,4,3,5,4,4,5,5,5
665,2,3,3,2,3,3,4,4,5,5,5
67,2,3,4,3,3,4,3,3,3,5,5
547,1,6,6,6,5,5,5,3,6,6,5
314,2,4,4,4,3,4,4,4,4,5,5
98,2,3,4,4,2,4,4,3,3,5,5
141,2,4,4,4,3,5,2,6,5,5,5
684,2,3,4,3,3,4,4,3,4,5,5
979,2,3,3,3,3,4,4,4,4,5,5
793,2,4,4,3,3,4,4,4,4,5,5
894,2,3,4,3,3,3,3,3,4,5,5
570,2,3,4,4,2,4,4,4,4,5,5
578,2,3,4,4,2,4,4,4,4,5,5
57,2,3,3,3,2,4,4,3,4,5,5
825,2,3,4,3,3,4,4,4,3,5,5
575,2,3,5,3,4,4,3,5,5,5,5
812,2,5,6,4,2,6,2,6,6,5,5
911,2,3,4,4,3,5,4,4,1,5,5
747,2,5,5,4,3,6,2,6,6,5,5
774,2,4,5,3,3,5,2,5,5,5,5
333,2,4,5,4,3,4,3,5,5,5,5
613,2,3,4,4,3,4,4,4,3,5,5
984,2,3,4,3,3,3,3,3,4,5,5
897,2,3,4,3,2,3,3,3,4,5,5
204,2,3,4,3,2,3,3,3,2,5,5
134,2,3,3,3,4,3,5,4,3,5,5
994,2,3,4,3,3,3,4,4,3,5,5
341,2,3,4,3,2,3,5,4,4,5,5
951,2,3,3,3,3,3,4,3,3,5,5
270,2,4,4,4,3,5,5,3,5,5,5
563,2,3,4,4,2,4,4,4,4,5,5
44,2,3,4,4,2,4,4,3,4,5,5
147,2,3,4,3,4,4,4,4,4,5,5
719,2,3,4,3,2,3,4,4,4,5,5
392,3,3,2,3,4,3,4,3,3,5,5
272,2,3,3,3,2,3,4,4,3,5,5
297,2,3,4,3,1,3,4,4,3,5,5
925,2,3,4,3,2,3,5,4,3,5,5
371,2,2,3,3,2,3,4,3,3,5,5
659,2,3,4,4,4,4,4,4,4,5,5
940,2,4,4,4,3,4,4,3,4,5,5
261,3,5,4,3,3,3,3,3,6,5,5
846,2,3,4,3,3,3,5,4,2,5,5
966,2,3,4,3,3,3,3,3,3,5,5
263,2,3,4,3,3,3,4,4,4,5,5
892,2,2,3,2,2,2,4,3,2,5,5
76,2,4,4,4,3,4,3,5,4,5,5
556,2,4,4,4,3,4,4,3,5,5,5
803,2,4,4,4,3,4,4,4,4,5,5
813,2,3,4,4,3,4,4,4,4,5,5
214,2,4,4,4,3,4,4,4,4,5,5
213,2,4,4,4,4,4,4,4,4,5,5
625,2,3,4,4,2,4,4,4,3,5,5
962,2,4,4,4,2,4,4,3,3,5,5
974,3,5,4,3,2,3,3,3,5,5,5
691,2,2,3,3,4,3,4,3,3,5,5
746,2,3,4,3,3,3,3,3,2,5,5
452,2,3,2,3,4,3,4,3,4,5,5
781,2,3,4,3,1,3,3,3,3,5,5
286,2,3,4,3,2,3,5,4,4,5,5
678,2,3,4,4,2,5,5,5,4,5,5
686,2,4,4,4,3,4,4,4,4,5,5
175,2,3,4,4,3,4,4,4,4,5,5
934,2,3,4,4,5,4,4,3,4,5,5
515,2,3,4,4,2,5,4,4,4,5,5
851,2,4,4,4,1,4,4,4,4,5,5
132,2,4,4,4,3,5,5,4,5,5,5
675,2,3,4,4,4,5,4,4,4,5,5
465,2,3,4,4,4,4,4,4,3,5,5
532,2,4,4,4,3,4,4,4,5,5,5
269,2,3,4,4,2,5,5,5,2,5,5
722,4,4,3,3,3,4,4,3,4,5,5
246,2,3,4,3,3,4,3,3,4,5,5
602,2,4,4,3,2,4,4,3,4,5,5
218,2,4,4,4,3,4,4,4,4,5,5
151,2,3,4,4,2,4,3,5,4,5,5
876,2,3,4,4,3,4,4,4,4,5,5
587,2,3,4,3,2,3,5,4,3,5,5
964,2,3,4,3,3,3,3,3,4,5,5
117,2,3,4,3,4,3,4,4,3,5,5
600,2,3,4,3,4,3,5,4,2,5,5
653,2,2,3,3,4,3,4,3,2,5,5
474,3,4,4,4,2,4,4,4,5,5,5
978,2,3,4,4,2,4,4,4,4,5,5
470,2,3,4,3,2,4,4,3,4,5,5
875,2,4,5,5,3,4,3,5,5,5,5
681,2,3,4,4,3,5,5,5,3,5,5
692,2,3,4,4,3,5,4,4,3,5,5
731,2,3,4,5,3,5,4,4,4,5,5
501,2,3,4,4,2,5,5,4,4,5,5
52,2,3,4,3,4,3,3,3,4,5,5
451,3,4,4,4,2,4,4,3,3,5,5
531,2,3,3,3,2,4,4,3,3,5,5
329,2,3,3,3,2,4,4,3,4,5,5
78,2,4,3,4,2,5,5,3,6,5,5
393,2,3,4,5,2,6,4,4,3,5,5
505,1,3,4,5,4,5,4,4,5,5,5
881,2,3,4,3,2,4,4,4,4,5,5
834,2,4,4,4,3,5,4,4,4,5,5
399,2,4,4,4,3,5,5,5,5,5,5
279,2,4,6,4,3,5,3,5,5,5,5
142,2,3,4,3,3,3,2,2,3,5,5
25,2,3,3,3,2,2,5,4,2,5,5
430,2,3,3,3,3,3,4,3,2,5,5
131,2,3,4,3,4,2,2,2,4,5,5
401,2,3,4,3,3,3,3,3,3,5,5
857,2,4,4,4,3,4,3,4,4,5,5
759,2,4,4,4,3,4,4,3,4,5,5
989,2,3,4,4,4,4,4,4,3,5,5
772,2,3,4,3,2,4,4,3,4,5,5
330,2,3,3,3,2,3,4,3,2,5,5
187,2,3,4,3,3,2,5,4,3,5,5
508,2,3,4,3,2,3,3,3,3,5,5
643,2,3,4,3,3,3,3,3,4,5,5
780,2,3,4,4,3,4,4,4,4,5,5
446,2,3,4,4,4,4,4,3,3,5,5
938,3,4,4,4,3,4,4,3,3,5,5
476,2,3,4,4,3,4,4,4,4,5,5
208,2,3,4,3,3,3,4,3,2,5,5
99,2,2,3,3,3,3,4,3,2,5,5
35,2,4,4,3,2,5,5,3,4,5,5
202,2,3,4,3,2,4,4,4,4,5,5
952,2,3,4,3,2,4,4,4,4,5,5
521,2,3,4,4,2,4,4,4,4,5,5
554,2,4,4,4,3,4,4,3,4,5,5
86,3,5,4,4,3,4,5,4,5,5,5
918,2,4,5,4,3,4,4,3,5,5,5
769,2,3,4,4,3,4,4,4,3,5,5
298,2,4,4,4,3,4,4,4,5,5,5
710,3,4,3,3,3,4,4,4,3,5,5
669,2,3,4,3,3,4,4,4,4,5,5
858,2,3,3,3,3,4,4,4,3,5,5
712,2,3,4,3,3,4,4,4,4,5,5
847,2,3,5,3,2,4,4,3,3,5,5
614,2,3,4,3,2,3,5,4,4,5,5
225,2,3,4,3,2,4,4,4,4,5,5
827,2,2,4,3,3,4,4,4,1,5,5
205,2,4,5,3,5,4,4,3,5,5,5
156,2,3,4,4,2,4,4,4,4,5,5
776,2,3,4,4,4,4,4,4,3,5,5
907,2,3,4,3,3,4,4,3,4,5,5
654,2,3,3,3,3,4,4,3,4,5,5
817,2,3,4,3,3,3,4,4,3,5,5
717,3,1,1,1,2,2,4,3,2,4,5
523,2,3,4,3,3,3,5,4,4,5,5
31,2,3,4,2,3,3,3,3,3,5,5
332,2,3,4,3,3,2,2,2,3,5,5
723,2,3,4,3,3,3,3,2,4,5,5
210,2,4,4,4,3,4,4,3,3,5,5
267,2,3,4,4,3,4,4,4,3,5,5
241,2,3,4,4,3,4,4,4,4,5,5
442,3,3,2,3,3,4,4,3,3,5,5
354,2,3,4,4,2,4,4,4,3,5,5
266,1,7,7,7,7,6,6,3,6,7,5
506,1,6,6,7,3,7,1,7,7,7,5
370,1,4,4,6,2,6,4,4,3,5,5
107,1,3,4,6,4,6,6,6,2,5,5
150,1,3,4,6,3,7,7,6,3,5,5
662,3,7,4,6,3,6,6,6,7,6,5
586,1,3,4,5,4,6,6,5,1,5,5
148,1,3,4,6,4,5,4,4,3,5,5
459,2,5,5,6,4,6,6,3,5,5,5
910,2,4,4,6,2,5,5,5,5,5,5
828,2,3,4,3,3,4,4,3,3,5,5
296,2,4,5,3,3,4,4,3,4,5,5
852,2,4,3,3,2,5,3,5,6,5,5
996,2,3,4,4,2,5,4,4,4,5,5
212,2,4,4,4,3,5,4,4,5,5,5
215,2,4,4,4,2,6,4,4,5,5,5
677,5,7,4,3,4,6,6,3,6,5,5
559,4,4,2,2,2,3,4,3,3,4,5
145,3,4,3,3,2,4,4,3,4,5,5
914,2,3,4,3,2,4,4,4,4,5,5
685,2,3,4,3,2,4,4,4,3,5,5
310,2,3,3,3,3,4,4,4,4,5,5
